_H08ZUN9NEeOETou3oNmhPQ; CheckPlausability; 00
_H08Y7t9NEeOETou3oNmhPQ; BrakeActuatorMonitor; 01
_H08ZgN9NEeOETou3oNmhPQ; DiagnosisArbiter; 02
_H08aRt9NEeOETou3oNmhPQ; VehicleStateMonitor; 03
_H08ZDN9NEeOETou3oNmhPQ; BrakeForceCalculation; 10
_H08ZON9NEeOETou3oNmhPQ; BrakeSafetyMonitor; 11
_H08Yud9NEeOETou3oNmhPQ; ABSCalculation; 12
_H08Y999NEeOETou3oNmhPQ; BrakeForceActuation; 13
_H08ZRt9NEeOETou3oNmhPQ; CaliperPositionCalculation; 20
_H08Y5d9NEeOETou3oNmhPQ; BrakeActuator; 21
_H08Z8N9NEeOETou3oNmhPQ; StopLightActuator; 22
_H08ZGt9NEeOETou3oNmhPQ; BrakePedalSensorDiagnosis; 23
_H08ZI99NEeOETou3oNmhPQ; BrakePedalSensorTranslation; 30
_H08ZLt9NEeOETou3oNmhPQ; BrakePedalSensorVoter; 31
_H08ZYt9NEeOETou3oNmhPQ; DecelerationSensorDiagnosis; 32
_H08Za99NEeOETou3oNmhPQ; DecelerationSensorTranslation; 33
_H08aKN9NEeOETou3oNmhPQ; VehicleSpeedSensorDiagnosis; 00
_H08Zdt9NEeOETou3oNmhPQ; DecelerationSensorVoter; 01
_H08aPN9NEeOETou3oNmhPQ; VehicleSpeedSensorVoter; 02
_H08aMd9NEeOETou3oNmhPQ; VehicleSpeedSensorTranslation; 03
_H08aV99NEeOETou3oNmhPQ; WheelSpeedSensorTranslation; 10
_H08aTt9NEeOETou3oNmhPQ; WheelSpeedSensorDiagnosis; 11
_H08ZWd9NEeOETou3oNmhPQ; CylNumObserver; 12
_H08aYt9NEeOETou3oNmhPQ; WheelSpeedSensorVoter; 13
_H08aAt9NEeOETou3oNmhPQ; ThrottleController; 20
_H08Y0d9NEeOETou3oNmhPQ; APedVoter; 21
_H08Y299NEeOETou3oNmhPQ; BaseFuelMass; 22
_H08Z-d9NEeOETou3oNmhPQ; ThrottleActuator; 23
_H08aFt9NEeOETou3oNmhPQ; TotalFuelMass; 30
_H08aH99NEeOETou3oNmhPQ; TransientFuelMass; 31
_H08Z1t9NEeOETou3oNmhPQ; InjectionTimeActuation; 32
_H08Zzd9NEeOETou3oNmhPQ; IgnitionTiming; 33
_H08Zmd9NEeOETou3oNmhPQ; EcuDecelerationSensor; 00
_H08Zqt9NEeOETou3oNmhPQ; EcuVehicleSpeedSensor; 01
_H08Zs99NEeOETou3oNmhPQ; EcuWheelSpeedSensor; 02
_H08aDN9NEeOETou3oNmhPQ; ThrottleSensor; 10
_H08Z599NEeOETou3oNmhPQ; MassAirFlowSensor; 11
_H08ZvN9NEeOETou3oNmhPQ; IgnitionTimeActuation; 12
_H08ZAt9NEeOETou3oNmhPQ; BrakeForceArbiter; 13
_H08ZiN9NEeOETou3oNmhPQ; EcuBrakeActuator; 20
_H08Zot9NEeOETou3oNmhPQ; EcuStopLightActuator; 21
_H08ZkN9NEeOETou3oNmhPQ; EcuBrakePedalSensor; 22
_H08Yxt9NEeOETou3oNmhPQ; APedSensor; 23
