Core_ID;Runnable;Priority;Allocation_Time;Start_Time;Completion_Time;Duration;Deadline;Deadline_Met_Missed
PE03;VehicleStateMonitor;10;3;4;85627;85624;10000;9914376;
PE21;EcuStopLightActuator;10;57;76;85698;85623;5000;4914377;
PE01;EcuVehicleSpeedSensor;10;49;68;85817;85750;5000;4914250;
PE11;WheelSpeedSensorDiagnosis;10;21;39;86185;86147;10000;9913853;
PE30;TotalFuelMass;10;28;46;86208;86163;10000;9913837;
PE31;TransientFuelMass;10;29;47;86240;86194;10000;9913806;
PE12;CylNumObserver;10;22;40;86298;86259;10000;9913741;
PE33;IgnitionTiming;10;31;49;86336;86288;10000;9913712;
PE20;EcuBrakeActuator;10;56;75;86359;86285;5000;4913715;
PE23;ThrottleActuator;10;27;45;86471;86427;10000;9913573;
PE32;DecelerationSensorDiagnosis;10;14;15;86590;86576;10000;9913424;
PE10;WheelSpeedSensorTranslation;10;20;38;86665;86628;10000;9913372;
PE13;WheelSpeedSensorVoter;10;23;41;86815;86775;10000;9913225;
PE02;DiagnosisArbiter;10;2;3;166331;166329;10000;9833671;
PE21;BrakeActuator;10;9;10;166371;166362;10000;9833638;
PE02;EcuWheelSpeedSensor;10;50;69;166427;166359;5000;4833641;
PE01;BrakeActuatorMonitor;10;1;2;166462;166461;10000;9833539;
PE03;VehicleSpeedSensorTranslation;10;19;85627;166652;81027;10000;9918973;
PE11;MassAirFlowSensor;10;53;74;166890;166817;5000;4833183;
PE31;BrakePedalSensorVoter;10;13;14;166913;166900;10000;9833100;
PE30;BrakePedalSensorTranslation;10;12;13;167010;166998;10000;9833002;
PE33;DecelerationSensorTranslation;10;15;16;167041;167026;10000;9832974;
PE20;CaliperPositionCalculation;10;8;9;167140;167132;10000;9832868;
PE23;BrakePedalSensorDiagnosis;10;11;12;167144;167133;10000;9832867;
PE12;ABSCalculation;10;6;7;167147;167141;10000;9832859;
PE10;ThrottleSensor;10;52;71;167308;167238;5000;4832762;
PE13;BrakeForceArbiter;10;55;74;167488;167415;20000;19832585;
PE32;InjectionTimeActuation;10;30;48;167897;167850;10000;9832150;
PE01;DecelerationSensorVoter;10;17;35;248829;248795;10000;9751205;
PE02;VehicleSpeedSensorVoter;10;18;36;248860;248825;10000;9751175;
PE21;APedVoter;10;25;43;248867;248825;10000;9751175;
PE20;ThrottleController;10;24;42;249507;249466;10000;9750534;
PE23;APedSensor;10;59;78;249543;249466;5000;4750534;
PE11;BrakeSafetyMonitor;10;5;6;249689;249684;10000;9750316;
PE10;BrakeForceCalculation;10;4;5;249830;249826;10000;9750174;
PE13;BrakeForceActuation;10;7;8;249887;249880;10000;9750120;
PE12;IgnitionTimeActuation;10;54;73;250104;250032;10000;9749968;
PE00;CheckPlausability;10;0;1;251983;251983;10000;9748017;
PE22;StopLightActuator;10;10;11;251993;251983;10000;9748017;
PE00;EcuDecelerationSensor;10;48;67;252079;252013;5000;4747987;
PE22;BaseFuelMass;10;26;44;334392;334349;10000;9665651;
PE22;EcuBrakePedalSensor;10;58;77;334456;334380;5000;4665620;
PE00;VehicleSpeedSensorDiagnosis;10;16;34;334502;334469;10000;9665531;
