ID;Runnable_Name;Task_Name
0; CheckPlausability ;Task_10MS
1; BrakeActuatorMonitor ;Task_10MS
2; DiagnosisArbiter ;Task_10MS
3; VehicleStateMonitor ;Task_10MS
4; BrakeForceCalculation ;Task_10MS
5; BrakeSafetyMonitor ;Task_10MS
6; ABSCalculation ;Task_10MS
7; BrakeForceActuation ;Task_10MS
8; CaliperPositionCalculation ;Task_10MS
9; BrakeActuator ;Task_10MS
10; StopLightActuator ;Task_10MS
11; BrakePedalSensorDiagnosis ;Task_10MS
12; BrakePedalSensorTranslation ;Task_10MS
13; BrakePedalSensorVoter ;Task_10MS
14; DecelerationSensorDiagnosis ;Task_10MS
15; DecelerationSensorTranslation ;Task_10MS
16; VehicleSpeedSensorDiagnosis ;Task_10MS
17; DecelerationSensorVoter ;Task_10MS
18; VehicleSpeedSensorVoter ;Task_10MS
19; VehicleSpeedSensorTranslation ;Task_10MS
20; WheelSpeedSensorTranslation ;Task_10MS
21; WheelSpeedSensorDiagnosis ;Task_10MS
22; CylNumObserver ;Task_10MS
23; WheelSpeedSensorVoter ;Task_10MS
24; ThrottleController ;Task_10MS
25; APedVoter ;Task_10MS
26; BaseFuelMass ;Task_10MS
27; ThrottleActuator ;Task_10MS
28; TotalFuelMass ;Task_10MS
29; TransientFuelMass ;Task_10MS
30; InjectionTimeActuation ;Task_10MS
31; IgnitionTiming ;Task_10MS
32; IgnitionTimeActuation ;Task_10MS
33; BrakeForceArbiter ;Task_20MS
34; EcuBrakeActuator ;Task_5MS
35; EcuStopLightActuator ;Task_5MS
36; EcuBrakePedalSensor ;Task_5MS
37; EcuDecelerationSensor ;Task_5MS
38; EcuVehicleSpeedSensor ;Task_5MS
39; EcuWheelSpeedSensor ;Task_5MS
40; APedSensor ;Task_5MS
41; ThrottleSensor ;Task_5MS
42; MassAirFlowSensor ;Task_5MS
